Date,Value,Year
2019-12-10,29997.0,2019
2019-12-11,30089.999744415283,2019
2019-12-12,30051.99930381775,2019
2019-12-13,30358.00058555603,2019
2019-12-16,30241.00043487549,2019
2019-12-17,30725.011191647052,2019
2019-12-18,30691.01089028597,2019
2019-12-19,30824.010882656574,2019
2019-12-20,30884.011254589557,2019
2019-12-23,30713.01158456087,2019
2019-12-24,30676.0114052701,2019
2019-12-25,30521.011386196613,2019
2019-12-26,30701.011214535236,2019
2019-12-27,30846.010909359455,2019
2019-12-30,30904.01080636263,2019
2019-12-31,30851.011452953815,2019
2020-01-02,31180.010543148517,2020
2020-01-03,31214.010892193317,2020
2020-01-06,31001.010546963214,2020
2020-01-07,31148.011384289264,2020
2020-01-08,30817.01072243929,2020
2020-01-09,30840.0109150815,2020
2020-01-10,30852.010855953693,2020
2020-01-13,30823.01109818697,2020
2020-01-14,30808.011327068805,2020
2020-01-15,30583.010993282795,2020
2020-01-16,30341.011271755695,2020
2020-01-17,30387.011227886676,2020
2020-01-20,30477.01076058626,2020
2020-01-21,30201.011023800373,2020
2020-01-22,30220.01112488985,2020
2020-01-23,29898.010335247516,2020
2020-02-03,28372.511122028827,2020
2020-02-04,28904.510805408954,2020
2020-02-05,28888.510772984027,2020
2020-02-06,28964.5109150815,2020
2020-02-07,28812.511274616718,2020
2020-02-10,28745.511338512897,2020
2020-02-11,28950.51152447939,2020
2020-02-12,28992.511317532062,2020
2020-02-13,28814.51067666292,2020
2020-02-14,28965.511128704547,2020
2020-02-17,29309.490857290624,2020
2020-02-18,29139.49101941526,2020
2020-02-19,29230.491337942483,2020
2020-02-20,29450.491652655008,2020
2020-02-21,29388.4907581085,2020
2020-02-24,29143.491206335428,2020
2020-02-25,28963.49118726194,2020
2020-02-26,29082.49104993284,2020
2020-02-27,29131.49121777952,2020
2020-02-28,28624.491295980813,2020
2020-03-02,28992.491517233255,2020
2020-03-03,29094.491276907327,2020
2020-03-04,29135.49135701597,2020
2020-03-05,29499.49120061338,2020
2020-03-06,29198.491654562356,2020
2020-03-09,28738.491234945657,2020
2020-03-10,28963.491377996805,2020
2020-03-11,28821.49170415342,2020
2020-03-12,28796.491513418558,2020
2020-03-13,28624.491057562234,2020
2020-03-16,28322.491250204446,2020
2020-03-17,28376.490960287454,2020
2020-03-18,28013.491139578226,2020
2020-03-19,27496.4910365814,2020
2020-03-20,27847.491488623025,2020
2020-03-23,27289.491067098978,2020
2020-03-24,27825.490985082986,2020
2020-03-25,28005.490956472757,2020
2020-03-26,28098.49103467405,2020
2020-03-27,28273.491225408914,2020
2020-03-30,28336.49095075071,2020
2020-03-31,28008.50016627252,2020
2020-04-01,28050.50046000421,2020
2020-04-02,28220.500345563294,2020
2020-04-03,28096.500630711915,2020
2020-04-07,28245.500274037717,2020
2020-04-08,28102.500243520142,2020
2020-04-09,28087.500853871705,2020
2020-04-10,28066.500063275693,2020
2020-04-13,28025.50026926935,2020
2020-04-14,28148.500581120847,2020
2020-04-15,28138.500376080872,2020
2020-04-16,28165.49992117822,2020
2020-04-17,28261.500521039365,2020
2020-04-20,28094.500251149533,2020
2020-04-21,27943.500395154355,2020
2020-04-22,27907.500596379636,2020
2020-04-23,27690.50042185724,2020
2020-04-24,27590.500350331666,2020
2020-04-27,27713.500995969174,2020
2020-04-28,27666.500659322144,2020
2020-04-29,28028.500480985043,2020
2020-04-30,28188.499946927426,2020
2020-05-06,27877.500624989865,2020
2020-05-07,27802.500315045712,2020
2020-05-08,27906.500215863583,2020
2020-05-11,27988.50013766229,2020
2020-05-12,27875.50046000421,2020
2020-05-13,27913.50080523431,2020
2020-05-14,27749.500317906735,2020
2020-05-15,27724.50060400903,2020
2020-05-18,27740.500541066525,2020
2020-05-19,27861.50004420221,2020
2020-05-20,27911.500211095212,2020
2020-05-21,27858.500476216675,2020
2020-05-22,27574.500580167172,2020
2020-05-25,27698.500843381284,2020
2020-05-26,27660.50061736047,2020
2020-05-27,27789.500327443482,2020
2020-05-28,28000.500293111203,2020
2020-05-29,27789.500327443482,2020
2020-06-01,27954.50033698022,2020
2020-06-02,28042.500086163876,2020
2020-06-03,28113.50023302972,2020
2020-06-04,28042.50003848016,2020
2020-06-05,28113.50023302972,2020
2020-06-08,28163.49992308557,2020
2020-06-09,28225.50034079492,2020
2020-06-10,28010.68046381891,2020
2020-06-11,27813.68048479974,2020
2020-06-12,27735.68008234918,2020
2020-06-15,27491.680028943418,2020
2020-06-16,27685.68005850732,2020
2020-06-17,27614.680126218198,2020
2020-06-18,27507.680395154355,2020
2020-06-19,27556.67991927087,2020
2020-06-22,27508.68017962396,2020
2020-06-23,27357.680156735776,2020
2020-06-24,27563.67991259515,2020
2020-06-29,27548.68035605371,2020
2020-06-30,27616.700683164003,2020
2020-07-01,27757.700048016908,2020
2020-07-02,28261.700234937074,2020
2020-07-03,28806.41875556767,2020
2020-07-06,30526.26246453452,2020
2020-07-07,30440.79321549223,2020
2020-07-08,30381.120621808335,2020
2020-07-09,30128.121006139085,2020
2020-07-10,29488.03921944943,2020
2020-07-13,29504.539250920683,2020
2020-07-14,29251.660991726785,2020
2020-07-15,28977.416367214457,2020
2020-07-16,28853.416461628214,2020
2020-07-17,28819.416184108988,2020
2020-07-20,29140.416521709696,2020
2020-07-21,29000.416178386942,2020
2020-07-22,28964.41652266337,2020
2020-07-23,28747.416753452555,2020
2020-07-24,28386.70671618594,2020
2020-07-27,28280.70703185214,2020
2020-07-28,28326.707154876127,2020
2020-07-29,28531.93244179457,2020
2020-07-30,28387.932579123673,2020
2020-07-31,28361.932603919206,2020
2020-08-03,28456.93246563643,2020
2020-08-04,28741.93300446242,2020
2020-08-05,28518.93278797835,2020
2020-08-06,28535.932581031022,2020
2020-08-07,28415.932743155656,2020
2020-08-10,28491.93243225783,2020
2020-08-11,28461.932508551774,2020
2020-08-12,28460.932461821732,2020
2020-08-13,28436.932532393632,2020
2020-08-14,28581.932537162003,2020
2020-08-17,28997.51802006441,2020
2020-08-18,28800.518255621966,2020
2020-08-19,28682.517891318377,2020
2020-08-20,28537.517552763995,2020
2020-08-21,28569.51771298128,2020
2020-08-24,28506.517725379046,2020
2020-08-25,28510.51772156435,2020
2020-08-26,28389.92322527951,2020
2020-08-27,28359.923039313013,2020
2020-08-28,28498.923097487146,2020
2020-08-31,28340.92310511654,2020
2020-09-01,28303.923116560632,2020
2020-09-02,28155.6323032533,2020
2020-09-03,28088.63200952161,2020
2020-09-04,27987.63229657758,2020
2020-09-07,27926.63252164472,2020
2020-09-08,28152.631972328312,2020
2020-09-09,28077.63223458875,2020
2020-09-10,27982.631943718083,2020
2020-09-11,28003.632090583927,2020
2020-09-14,28018.632052436955,2020
2020-09-15,27997.631953254826,2020
2020-09-16,28056.632230774052,2020
2020-09-17,28053.632209793217,2020
2020-09-18,28281.63168241132,2020
2020-09-21,28172.63212014783,2020
2020-09-22,28033.632228866703,2020
2020-09-23,28005.632279411442,2020
2020-09-24,27857.314297576973,2020
2020-09-25,27843.313977142403,2020
2020-09-28,28042.31404962165,2020
2020-09-29,27915.314003845284,2020
2020-09-30,27893.31435670478,2020
2020-10-09,27908.314008613655,2020
2020-10-12,28170.314092536995,2020
2020-10-13,28020.314235588143,2020
2020-10-14,27992.31409539802,2020
2020-10-15,28113.313765426705,2020
2020-10-16,28427.314062019417,2020
2020-10-19,28563.48141607148,2020
2020-10-20,28287.481631601877,2020
2020-10-21,28536.48151334626,2020
2020-10-22,28538.481392229623,2020
2020-10-23,28649.48142942292,2020
2020-10-26,28557.48151716096,2020
2020-10-27,28427.481712664194,2020
2020-10-28,28225.481595362253,2020
2020-10-29,28076.481594408582,2020
2020-10-30,28043.481864298414,2020
2020-11-02,28110.48180040223,2020
2020-11-03,28185.481418932504,2020
2020-11-04,28252.481593454904,2020
2020-11-05,28293.481697405405,2020
2020-11-06,28417.48155530793,2020
2020-11-09,28479.48163923127,2020
2020-11-10,28567.481650675363,2020
2020-11-11,28810.481395090646,2020
2020-11-12,28619.481958712167,2020
2020-11-13,28324.481882418222,2020
2020-11-16,28406.48156579835,2020
2020-11-17,28490.481724108286,2020
2020-11-18,28694.481648768015,2020
2020-11-19,28777.48173650605,2020
2020-11-20,28620.481719339914,2020
2020-11-23,28918.481435144968,2020
2020-11-24,28880.48147138459,2020
2020-11-25,28860.960421956846,2020
2020-11-26,29047.96045819647,2020
2020-11-27,29865.34195302821,2020
2020-11-30,29901.560275493033,2020
2020-12-01,30286.35264771975,2020
2020-12-02,30110.352147994407,2020
2020-12-03,30016.352666793235,2020
2020-12-04,29754.35239213503,2020
2020-12-07,29471.20264094866,2020
2020-12-08,29265.255342779525,2020
2020-12-09,29220.25526648558,2020
2020-12-10,29068.255411444075,2020
2020-12-11,29025.555642423995,2020
2020-12-14,28958.655993399985,2020
2020-12-15,28763.68114530242,2020
2020-12-16,28755.581016651755,2020
2020-12-17,28842.580862156516,2020
2020-12-18,28739.581031910544,2020
2020-12-21,28738.581056706076,2020
2020-12-22,28454.316068522105,2020
2020-12-23,28427.31559359229,2020
2020-12-24,28449.315954081183,2020
2020-12-25,28495.315481058726,2020
2020-12-28,28464.315486780768,2020
2020-12-29,28478.316045633917,2020
2020-12-30,28440.315938822394,2020
2020-12-31,28560.816036097174,2020
2021-01-04,28465.815912119513,2021
2021-01-05,28396.815572611456,2021
2021-01-06,28496.81597792304,2021
2021-01-07,28596.815930239325,2021
2021-01-08,28660.816059939032,2021
2021-01-11,28741.815553537974,2021
2021-01-12,28814.81557928718,2021
2021-01-13,29014.456502751476,2021
2021-01-14,29131.605869455703,2021
2021-01-15,29545.71314335699,2021
2021-01-18,29457.713370331476,2021
2021-01-19,29781.804685695395,2021
2021-01-20,29541.80548678182,2021
2021-01-21,29495.80507765554,2021
2021-01-22,29201.553590013013,2021
2021-01-25,29211.553866578564,2021
2021-01-26,29215.553648187146,2021
2021-01-27,29340.553791238297,2021
2021-01-28,29200.553519441113,2021
2021-01-29,29336.55393810414,2021
2021-02-01,29478.553349687085,2021
2021-02-02,29349.55363960408,2021
2021-02-03,29267.55371780537,2021
2021-02-04,29328.553635789383,2021
2021-02-05,29849.347122489547,2021
2021-02-08,29770.347460090255,2021
2021-02-09,29700.3475030056,2021
2021-02-10,30038.655885579316,2021
2021-02-18,30081.65539157602,2021
2021-02-19,30148.655470730988,2021
2021-02-22,30403.655370595185,2021
2021-02-23,30394.655712964264,2021
2021-02-24,30113.65605247232,2021
2021-02-25,30538.655527951447,2021
2021-02-26,30341.65578735086,2021
2021-03-01,30286.65593517038,2021
2021-03-02,30024.65594661447,2021
2021-03-03,30633.655198933808,2021
2021-03-04,30636.005803499786,2021
2021-03-05,30860.005661402312,2021
2021-03-08,30760.006066713897,2021
2021-03-09,30577.005597506133,2021
2021-03-10,30556.0057844263,2021
2021-03-11,30747.005816851226,2021
2021-03-12,30751.00581303653,2021
2021-03-15,30993.835533388225,2021
2021-03-16,31104.384328844062,2021
2021-03-17,30919.3846244831,2021
2021-03-18,30830.384375574104,2021
2021-03-19,30522.526401863543,2021
2021-03-22,30754.526252136675,2021
2021-03-23,30743.526262627092,2021
2021-03-24,30688.526124344316,2021
2021-03-25,30488.526291237322,2021
2021-03-26,30478.525990829912,2021
2021-03-29,30881.526512489763,2021
2021-03-30,30978.526324615923,2021
2021-03-31,31192.571313762393,2021
2021-04-01,31004.571969890323,2021
2021-04-02,30662.571294688907,2021
2021-04-06,30718.57140817615,2021
2021-04-07,30845.570905589786,2021
2021-04-08,30796.571333789554,2021
2021-04-09,30739.57117357227,2021
2021-04-12,30992.571885966983,2021
2021-04-13,30996.572144412723,2021
2021-04-14,30766.571195506778,2021
2021-04-15,30720.571573161807,2021
2021-04-16,30765.57122030231,2021
2021-04-19,30784.57151212665,2021
2021-04-20,30653.571422481265,2021
2021-04-21,30645.57152547809,2021
2021-04-22,30460.571225070682,2021
2021-04-23,30346.57138147327,2021
2021-04-26,30150.47164430591,2021
2021-04-27,30057.22160234424,2021
2021-04-28,29931.22167482349,2021
2021-04-29,30107.221363925662,2021
2021-04-30,29557.22184076282,2021
2021-05-06,29617.22178354236,2021
2021-05-07,30050.221108340946,2021
2021-05-10,30140.221737765994,2021
2021-05-11,30151.221321963993,2021
2021-05-12,30275.22172822925,2021
2021-05-13,30214.220999622074,2021
2021-05-14,30362.221526050296,2021
2021-05-17,30292.221402072635,2021
2021-05-18,30220.221470737186,2021
2021-05-19,30037.221335315433,2021
2021-05-20,30119.221495532718,2021
2021-05-21,29913.22145357105,2021
2021-05-24,29925.221489810672,2021
2021-05-25,30311.221836948123,2021
2021-05-26,30403.221749210086,2021
2021-05-27,30274.22146692249,2021
2021-05-28,30459.221266650882,2021
2021-05-31,30242.221497440067,2021
2021-06-01,30106.221293353763,2021
2021-06-02,30196.221541309085,2021
2021-06-03,30093.221329593387,2021
2021-06-04,30250.42157564136,2021
2021-06-07,30165.422062015263,2021
2021-06-08,30267.421249484745,2021
2021-06-09,30204.42152414295,2021
2021-06-10,30108.421281909672,2021
2021-06-11,30019.42177209827,2021
2021-06-15,29789.421037769047,2021
2021-06-16,29855.421547031132,2021
2021-06-17,29812.600904254643,2021
2021-06-18,29693.601280002324,2021
2021-06-21,29585.601573734013,2021
2021-06-22,29640.60125902149,2021
2021-06-23,29584.426327733723,2021
2021-06-24,29762.426491765706,2021
2021-06-25,29964.426060704915,2021
2021-06-28,29717.425986318318,2021
2021-06-29,29611.426898030964,2021
2021-06-30,29691.12277021858,2021
2021-07-01,29887.122821716992,2021
2021-07-02,29772.122526077954,2021
2021-07-05,29630.122423081128,2021
2021-07-06,29753.122011093823,2021
2021-07-07,29571.122661499707,2021
2021-07-08,29319.122663407055,2021
2021-07-09,29192.12261763069,2021
2021-07-12,28960.12260046455,2021
2021-07-13,28928.122289566723,2021
2021-07-14,28692.872927098004,2021
2021-07-15,29093.672412113872,2021
2021-07-16,29113.672393040386,2021
2021-07-19,29169.672530369488,2021
2021-07-20,28947.67212219688,2021
2021-07-21,28843.67222137901,2021
2021-07-22,28950.17255707237,2021
2021-07-23,28934.172286228863,2021
2021-07-26,28796.172656254497,2021
2021-07-27,28600.172843174663,2021
2021-07-28,28840.172614292827,2021
2021-07-29,28528.172911839214,2021
2021-07-30,28230.17343445274,2021
2021-08-02,28502.172984318462,2021
2021-08-03,28338.172949986187,2021
2021-08-04,28318.173159794536,2021
2021-08-05,28304.172743992534,2021
2021-08-06,28304.173220829693,2021
2021-08-09,28556.172980503765,2021
2021-08-10,28717.582528674408,2021
2021-08-11,29266.987768448835,2021
2021-08-12,29102.987924851423,2021
2021-08-13,29099.71793724919,2021
2021-08-16,29103.717551964764,2021
2021-08-17,28983.717761773114,2021
2021-08-18,29353.717551964764,2021
2021-08-19,29067.71768166447,2021
2021-08-20,29148.27314519172,2021
2021-08-23,29059.273540012888,2021
2021-08-24,28993.27341222053,2021
2021-08-25,28936.273347370676,2021
2021-08-26,28822.273122303537,2021
2021-08-27,28869.27324437385,2021
2021-08-30,28702.273236744455,2021
2021-08-31,29079.273044102243,2021
2021-09-01,29527.64963287118,2021
2021-09-02,29515.65012115243,2021
2021-09-03,29673.650590360194,2021
2021-09-06,29707.65051025155,2021
2021-09-07,29911.650506436854,2021
2021-09-08,30139.649812161955,2021
2021-09-09,30139.001524065694,2021
2021-09-10,30247.62852667097,2021
2021-09-13,30293.62872122053,2021
2021-09-14,29851.628904326,2021
2021-09-15,29759.30963956713,2021
2021-09-16,29643.31013166308,2021
2021-09-17,29665.309872263664,2021
2021-09-22,29343.30972539782,2021
2021-09-23,29457.309616678947,2021
2021-09-24,29276.309622400993,2021
2021-09-27,29174.310291880363,2021
2021-09-28,29443.30939161181,2021
2021-09-29,29521.309651011223,2021
2021-09-30,29433.309637659782,2021
2021-10-08,29693.310104960197,2021
2021-10-11,29941.309796923393,2021
2021-10-12,29863.310133570427,2021
2021-10-13,29737.309729212517,2021
2021-10-14,29656.310044878715,2021
2021-10-15,29681.310283297295,2021
2021-10-18,29711.309992426628,2021
2021-10-19,29782.30992471575,2021
2021-10-20,29714.943216708893,2021
2021-10-21,30020.942734149685,2021
2021-10-22,29929.94353618979,2021
2021-10-25,29881.94305744528,2021
2021-10-26,29753.94332256674,2021
2021-10-27,29727.943347362274,2021
2021-10-28,29618.943594363922,2021
2021-10-29,29656.943152812713,2021
2021-11-01,30147.23305599975,2021
2021-11-02,29695.233415534967,2021
2021-11-03,29608.233379295343,2021
2021-11-04,29585.667044642443,2021
2021-11-05,29616.666609766955,2021
2021-11-08,29592.667109492293,2021
2021-11-09,29607.66702366161,2021
2021-11-10,29526.66695785808,2021
2021-11-11,29810.66623401927,2021
2021-11-12,29675.667030337325,2021
2021-11-15,29720.666582110396,2021
2021-11-16,29653.667242053023,2021
2021-11-17,29585.666973116866,2021
2021-11-18,29524.666769030562,2021
2021-11-19,29662.666685107222,2021
2021-11-22,29518.666893961898,2021
2021-11-23,29571.666914942733,2021
2021-11-24,29605.66673946666,2021
2021-11-25,29553.66659832286,2021
2021-11-26,29424.66712665843,2021
2021-11-29,29304.666907313338,2021
2021-11-30,29256.703899168246,2021
2021-12-01,29469.703243040316,2021
2021-12-02,29532.704065107577,2021
2021-12-03,29553.703592085116,2021
2021-12-06,29636.674475314772,2021
2021-12-07,29804.67405283705,2021
2021-12-08,29652.674460055983,2021
2021-12-09,29814.674305560744,2021
2021-12-10,29715.674590709365,2021
2021-12-13,29599.67510664717,2021
2021-12-14,29457.674383762038,2021
2021-12-15,29472.67463171736,2021
2021-12-16,29554.674481990492,2021
2021-12-17,29493.675017001784,2021
2021-12-20,29488.674878719008,2021
2021-12-21,29632.674884441054,2021
2021-12-22,29582.67459833876,2021
2021-12-23,29636.674880626357,2021
2021-12-24,29624.67489207045,2021
2021-12-27,29605.67436182753,2021
2021-12-28,29691.6740175511,2021
2021-12-29,29563.67440188185,2021
2021-12-30,29534.674310329116,2021
2021-12-31,29520.674895885146,2021
2022-01-04,29683.674287440932,2022
2022-01-05,30046.674608829173,2022
2022-01-06,30006.40687266246,2022
2022-01-07,30461.40662947551,2022
2022-01-10,30509.38546507523,2022
2022-01-11,30599.38573687241,2022
2022-01-12,30430.385158945774,2022
2022-01-13,30618.501498412345,2022
2022-01-14,30233.501078795645,2022
2022-01-17,30123.501231383536,2022
2022-01-18,30471.501567076895,2022
2022-01-19,30445.50132961199,2022
2022-01-20,30677.501251410697,2022
2022-01-21,30552.500917624686,2022
2022-01-24,30510.501124572012,2022
2022-01-25,30261.501195143912,2022
2022-01-26,30408.501388739798,2022
2022-01-27,30325.50108642504,2022
2022-01-28,30233.500721167777,2022
2022-02-07,30722.50123233721,2022
2022-02-08,31234.40867383652,2022
2022-02-09,31147.40904290848,2022
2022-02-10,31360.40883977585,2022
2022-02-11,31445.545750570825,2022
2022-02-14,31093.546229315332,2022
2022-02-15,30874.17683956527,2022
2022-02-16,31042.176679347984,2022
2022-02-17,31069.176439022056,2022
2022-02-18,31254.176286434165,2022
2022-02-21,31135.176471446983,2022
2022-02-22,31007.176450466148,2022
2022-02-23,30876.176408504478,2022
2022-02-24,30515.17610905074,2022
2022-02-25,30427.176669811237,2022
2022-02-28,30426.176456188194,2022
2022-03-01,30654.176191066734,2022
2022-03-02,30690.176442836753,2022
2022-03-03,30913.17625400924,2022
2022-03-04,30850.176480983726,2022
2022-03-07,30575.176910137165,2022
2022-03-08,30338.99113581084,2022
2022-03-09,30112.553579624895,2022
2022-03-10,30134.55355864406,2022
2022-03-11,30381.054229077105,2022
2022-03-14,30177.05413752437,2022
2022-03-15,29524.053999241594,2022
2022-03-16,29929.054280575518,2022
2022-03-17,29840.053888615374,2022
2022-03-18,30228.053780850176,2022
2022-03-21,30112.05384379268,2022
2022-03-22,30511.965100374586,2022
2022-03-23,30456.964985933664,2022
2022-03-24,30495.964972582224,2022
2022-03-25,30566.964618769052,2022
2022-03-28,30863.91970786468,2022
2022-03-29,31062.919565767206,2022
2022-03-30,31155.689239650525,2022
2022-03-31,31445.508697621564,2022
2022-04-01,31770.342629952174,2022
2022-04-06,32026.34262423013,2022
2022-04-07,31830.34307341073,2022
2022-04-08,31940.34270624612,2022
2022-04-11,31740.34315924142,2022
2022-04-12,31793.34310869668,2022
2022-04-13,31781.34223799203,2022
2022-04-14,31649.342983765346,2022
2022-04-15,31718.343180222255,2022
2022-04-18,31191.34277681802,2022
2022-04-19,31476.342767281276,2022
2022-04-20,31365.342563194972,2022
2022-04-21,31384.343308014613,2022
2022-04-22,31838.34244589303,2022
2022-04-25,31270.342963738185,2022
2022-04-26,31239.537804407817,2022
2022-04-27,30923.53834418748,2022
2022-04-28,31318.53791980241,2022
2022-04-29,31227.53803042863,2022
2022-05-05,31328.543194736158,2022
2022-05-06,30948.54353329054,2022
2022-05-09,30866.94390865675,2022
2022-05-10,31007.943511928235,2022
2022-05-11,30766.943288768445,2022
2022-05-12,30601.943708385144,2022
2022-05-13,30840.943647349988,2022
2022-05-16,30775.943280185376,2022
2022-05-17,30673.9438066136,2022
2022-05-18,30567.94328781477,2022
2022-05-19,30474.94406792036,2022
2022-05-20,30650.943852389966,2022
2022-05-23,30590.94326588026,2022
2022-05-24,30657.94389339796,2022
2022-05-25,30734.943557704602,2022
2022-05-26,30862.94412704817,2022
2022-05-27,30888.94362541548,2022
2022-05-30,30668.943644488965,2022
2022-05-31,30656.94339367262,2022
2022-06-01,30547.943759883558,2022
2022-06-02,30485.943628276502,2022
2022-06-06,30266.943765605603,2022
2022-06-07,30385.943723643933,2022
2022-06-08,30454.94339557997,2022
2022-06-09,30649.943209613477,2022
2022-06-10,30864.94412514082,2022
2022-06-13,30532.943774188672,2022
2022-06-14,30829.94351478926,2022
2022-06-15,30973.943830455457,2022
2022-06-16,30751.94354149214,2022
2022-06-17,30827.943731273328,2022
2022-06-20,30659.942961658155,2022
2022-06-21,30984.944082225476,2022
2022-06-22,30793.943334544812,2022
2022-06-23,30912.943411792432,2022
2022-06-24,30796.943498576795,2022
2022-06-27,30803.94356342665,2022
2022-06-28,30919.943595851575,2022
2022-06-29,31078.943682635938,2022
2022-06-30,31134.140438498172,2022
2022-07-01,31113.140220106754,2022
2022-07-04,31143.140596808113,2022
2022-07-05,31269.14097732416,2022
2022-07-06,31153.140444220222,2022
2022-07-07,31098.14094966761,2022
2022-07-08,31155.740706480658,2022
2022-07-11,31282.740156210577,2022
2022-07-12,31338.290699804937,2022
2022-07-13,30840.290721739446,2022
2022-07-14,30267.790551985418,2022
2022-07-15,30096.950386046086,2022
2022-07-18,30432.95049476496,2022
2022-07-19,30632.950780867253,2022
2022-07-20,30882.950327871953,2022
2022-07-21,30581.950138090764,2022
2022-07-22,30754.950211523686,2022
2022-07-25,30918.950317381536,2022
2022-07-26,30958.950517653142,2022
2022-07-27,30800.95038223139,2022
2022-07-28,30755.950186728154,2022
2022-07-29,30612.95058536402,2022
2022-08-01,30475.95047759882,2022
2022-08-02,30211.850228308354,2022
2022-08-03,29987.850990294133,2022
2022-08-04,30235.850419996892,2022
2022-08-05,30399.85031127802,2022
2022-08-08,30231.85018539301,2022
2022-08-09,30167.850818632756,2022
2022-08-10,30117.85053253046,2022
2022-08-11,30365.850605963384,2022
2022-08-12,30321.85036182276,2022
2022-08-15,30179.85049724451,2022
2022-08-16,30154.850330351506,2022
2022-08-17,30257.850422857915,2022
2022-08-18,30093.850889204656,2022
2022-08-19,30149.850287436162,2022
2022-08-22,30105.85059165827,2022
2022-08-23,29908.85075569025,2022
2022-08-24,29899.8505496966,2022
2022-08-25,30056.85039996973,2022
2022-08-26,30040.84986686579,2022
2022-08-29,29980.849924086247,2022
2022-08-30,30047.850122450505,2022
2022-08-31,30297.850670813237,2022
2022-09-01,30196.85021877161,2022
2022-09-02,30122.850003241216,2022
2022-09-05,30255.850210188542,2022
2022-09-06,30284.850111006413,2022
2022-09-07,30173.849978445684,2022
2022-09-08,30214.850440024053,2022
2022-09-09,30458.85075569025,2022
2022-09-13,30556.850352286016,2022
2022-09-14,30406.851019858037,2022
2022-09-15,30645.850243567143,2022
2022-09-16,30323.85035991541,2022
2022-09-19,30561.850371359502,2022
2022-09-20,30414.850749968205,2022
2022-09-21,30518.850650786077,2022
2022-09-22,30548.850336073552,2022
2022-09-23,30734.85061168543,2022
2022-09-26,30346.850075720464,2022
2022-09-27,30278.85114192835,2022
2022-09-28,30445.850481985723,2022
2022-09-29,30186.850442885076,2022
2022-09-30,30340.127080486927,2022
2022-10-10,30086.127322720204,2022
2022-10-11,30016.12710337511,2022
2022-10-12,30090.127318905506,2022
2022-10-13,29929.127448605213,2022
2022-10-14,29939.127248333607,2022
2022-10-17,29901.127236889515,2022
2022-10-18,29890.126985119496,2022
2022-10-19,29797.12738375536,2022
2022-10-20,29843.127530621205,2022
2022-10-21,29900.12721400133,2022
2022-10-24,29689.12767748705,2022
2022-10-25,29629.127520130787,2022
2022-10-26,29388.12777380816,2022
2022-10-27,29226.127379940663,2022
2022-10-28,29284.12756304613,2022
2022-10-31,28822.127765225086,2022
2022-11-01,28740.127581165943,2022
2022-11-02,28716.127866314564,2022
2022-11-03,28638.127225445423,2022
2022-11-04,29002.128118084587,2022
2022-11-07,29016.127770947136,2022
2022-11-08,28963.12789301745,2022
2022-11-09,29039.127296017326,2022
2022-11-10,29133.12773089281,2022
2022-11-11,29531.12763743273,2022
2022-11-14,29620.127290295277,2022
2022-11-15,29698.12745432726,2022
2022-11-16,29517.12755541674,2022
2022-11-17,29543.127578304924,2022
2022-11-18,29480.127662228264,2022
2022-11-21,29444.12736277453,2022
2022-11-22,29874.127763317738,2022
2022-11-23,30163.127320812855,2022
2022-11-24,30010.12763361803,2022
2022-11-25,30544.12755350939,2022
2022-11-28,30227.126639889393,2022
2022-11-29,30709.128564404164,2022
2022-11-30,30575.12816767565,2022
2022-12-01,30253.127139614735,2022
2022-12-02,30161.126988934193,2022
2022-12-05,30738.128036068596,2022
2022-12-06,30767.128222988762,2022
2022-12-07,30577.128118084584,2022
2022-12-08,30758.12825541369,2022
2022-12-09,30867.12841372362,2022
2022-12-12,30481.127589749012,2022
2022-12-13,30779.127973126087,2022
2022-12-14,30810.128158138905,2022
2022-12-15,30562.128203915272,2022
2022-12-16,30907.12785105578,2022
2022-12-19,30608.127921627678,2022
2022-12-20,30246.12755160204,2022
2022-12-21,30330.12709002367,2022
2022-12-22,30403.127854870472,2022
2022-12-23,30338.127416180287,2022
2022-12-26,30214.127725170765,2022
2022-12-27,30651.1283812987,2022
2022-12-28,30853.12814097277,2022
2022-12-29,30675.1283107268,2022
2022-12-30,30924.627833889637,2022
2023-01-03,30914.62755732409,2023
2023-01-04,31313.628297375355,2023
2023-01-05,31266.627269314442,2023
2023-01-06,31256.62804179064,2023
2023-01-09,31209.628062771473,2023
2023-01-10,31079.62799601427,2023
2023-01-11,31275.62752299181,2023
2023-01-12,31284.843123763716,2023
2023-01-13,31530.84246000639,2023
2023-01-16,31330.843127578413,2023
2023-01-17,31302.842868179,2023
2023-01-18,31408.8430055081,2023
2023-01-19,31405.842555373823,2023
2023-01-20,31466.842664092695,2023
2023-01-30,31436.843026488936,2023
2023-01-31,31315.84287962309,2023
2023-02-01,31296.842873901045,2023
2023-02-02,31230.842746108687,2023
2023-02-03,31138.84288153044,2023
2023-02-06,31092.843068450606,2023
2023-02-07,31105.842793792403,2023
2023-02-08,31119.843066543257,2023
2023-02-09,31109.653125613844,2023
2023-02-10,31208.65300735823,2023
2023-02-13,31050.65315803877,2023
2023-02-14,31103.652654498732,2023
2023-02-15,30976.65322861067,2023
2023-02-16,31013.65321716658,2023
2023-02-17,31005.652747958815,2023
2023-02-20,31372.652374118483,2023
2023-02-21,31336.652694553053,2023
2023-02-22,31194.652829974806,2023
2023-02-23,31174.65332588545,2023
2023-02-24,31064.652667850172,2023
2023-02-27,30984.653220981276,2023
2023-02-28,31146.652875751173,2023
2023-03-01,31261.653028339064,2023
2023-03-02,31443.652807086622,2023
2023-03-03,32091.247648701476,2023
2023-03-06,31936.45641400318,2023
2023-03-07,32310.45622422199,2023
2023-03-08,32327.456923265265,2023
2023-03-09,32245.456619996832,2023
2023-03-10,31867.456718225287,2023
2023-03-13,32203.456874627875,2023
2023-03-14,32174.456187028693,2023
2023-03-15,32576.456399698065,2023
2023-03-16,32911.13681644531,2023
2023-03-17,33017.13709682556,2023
2023-03-20,33019.28473985525,2023
2023-03-21,32670.284381273705,2023
2023-03-22,32913.28493631216,2023
2023-03-23,33001.28447091909,2023
2023-03-24,32595.284476641136,2023
2023-03-27,32425.399058201034,2023
2023-03-28,32585.3984764597,2023
2023-03-29,32633.399336673934,2023
2023-03-30,32854.77147773899,2023
2023-03-31,32618.771485368386,2023
2023-04-03,32531.770423928872,2023
2023-04-04,33087.77137188114,2023
2023-04-06,33166.77110580601,2023
2023-04-07,33117.771438638345,2023
2023-04-10,33120.77136425175,2023
2023-04-11,33276.771215478555,2023
2023-04-12,33709.771398584024,2023
2023-04-13,34076.22689865984,2023
2023-04-14,34033.227106560844,2023
2023-04-17,34777.89445071234,2023
2023-04-18,35098.89440684332,2023
2023-04-19,35221.447529199395,2023
2023-04-20,35129.44692552355,2023
2023-04-21,34933.44706476,2023
2023-04-24,35097.447480562005,2023
2023-04-25,35588.06602254612,2023
2023-04-26,35377.06605687839,2023
2023-04-27,35444.06615987522,2023
2023-04-28,35424.757544771615,2023
2023-05-04,36641.97081574974,2023
2023-05-05,36963.924662857105,2023
2023-05-08,38110.2672975375,2023
2023-05-09,37950.00835596507,2023
2023-05-10,37207.35088392603,2023
2023-05-11,37043.595999623336,2023
2023-05-12,36868.596024895705,2023
2023-05-15,37182.33639231571,2023
2023-05-16,37168.35161734936,2023
2023-05-17,37019.3514971864,2023
2023-05-18,37413.35112143872,2023
2023-05-19,37174.35146857617,2023
2023-05-22,37254.35153533337,2023
2023-05-23,36799.478611959195,2023
2023-05-24,36236.11844111825,2023
2023-05-25,36212.21438325787,2023
2023-05-26,36536.21426500226,2023
2023-05-29,36907.196869955835,2023
2023-05-30,36701.19723330575,2023
2023-05-31,36611.197009192285,2023
2023-06-01,36579.197349654016,2023
2023-06-02,36579.197349654016,2023
2023-06-05,36924.19702063638,2023
2023-06-06,36926.72002174423,2023
2023-06-07,37152.720259209134,2023
2023-06-08,37546.6245184914,2023
2023-06-09,37496.624709226264,2023
2023-06-12,37174.62411031879,2023
2023-06-13,37267.624331571235,2023
2023-06-14,36762.62421713032,2023
2023-06-15,36841.44176892293,2023
2023-06-16,36659.44179944051,2023
2023-06-19,36408.54144565118,2023
2023-06-20,36271.67975720507,2023
2023-06-21,36377.679513064446,2023
2023-06-26,36028.38143560421,2023
2023-06-27,36348.38127347958,2023
2023-06-28,36309.381334514735,2023
2023-06-29,36201.38143751156,2023
2023-06-30,36381.88176366818,2023
2023-07-03,36957.8811428262,2023
2023-07-04,36554.881217212795,2023
2023-07-05,36449.881460399745,2023
2023-07-06,36147.88112852108,2023
2023-07-07,36111.88171121609,2023
2023-07-10,36190.88115903866,2023
2023-07-11,36491.88127729428,2023
2023-07-12,36466.88070318234,2023
2023-07-13,37066.41109037411,2023
2023-07-14,37106.03801917913,2023
2023-07-17,36994.78837871434,2023
2023-07-18,36801.5288517368,2023
2023-07-19,36885.52853320958,2023
2023-07-20,37027.52825473668,2023
2023-07-21,36982.52877448918,2023
2023-07-24,36905.52891944768,2023
2023-07-25,37532.46415851009,2023
2023-07-26,37455.464541887166,2023
2023-07-27,37910.041325168946,2023
2023-07-28,38533.769030304575,2023
2023-07-31,38571.23201700904,2023
2023-08-01,38598.23258730628,2023
2023-08-02,37848.31931249903,2023
2023-08-03,38104.319521353704,2023
2023-08-04,38188.31956045435,2023
2023-08-07,37984.319373534185,2023
2023-08-08,37850.31938211725,2023
2023-08-09,37920.31955377863,2023
2023-08-10,37882.319470808965,2023
2023-08-11,37530.918341691926,2023
2023-08-14,37230.71221230876,2023
2023-08-15,37767.71170018565,2023
2023-08-16,37696.711720212814,2023
2023-08-17,37472.71198151958,2023
2023-08-18,37627.712310537216,2023
2023-08-21,37264.7123706187,2023
2023-08-22,37677.711738332626,2023
2023-08-23,37783.71206639659,2023
2023-08-24,37519.71217511546,2023
2023-08-25,37741.7117726649,2023
2023-08-28,38202.97164628783,2023
2023-08-29,37790.97222993651,2023
2023-08-30,37632.97218988219,2023
2023-08-31,37638.740142770825,2023
2023-09-01,37518.74049563032,2023
2023-09-04,37798.739990182934,2023
2023-09-05,37597.74046797377,2023
2023-09-06,37660.74036020857,2023
2023-09-07,37672.740158029614,2023
2023-09-08,37568.74025721174,2023
2023-09-11,37546.59877539593,2023
2023-09-12,37516.59875632244,2023
2023-09-13,37649.59843874889,2023
2023-09-14,38004.59814787823,2023
2023-09-15,37859.598524579575,2023
2023-09-18,37893.59844447093,2023
2023-09-19,38173.713111417754,2023
2023-09-20,38438.71309711264,2023
2023-09-21,38340.71319057272,2023
2023-09-22,38548.713445203764,2023
2023-09-25,38636.713480489714,2023
2023-09-26,38550.98721508334,2023
2023-09-27,38215.98746303866,2023
2023-09-28,38427.487402003506,2023
2023-10-09,38392.48738769839,2023
2023-10-10,38345.48721794436,2023
2023-10-11,38577.48754505465,2023
2023-10-12,39401.4880705292,2023
2023-10-13,39940.74464268277,2023
2023-10-16,40014.74495358059,2023
2023-10-17,40052.74510807583,2023
2023-10-18,40139.74476284573,2023
2023-10-19,39543.74528355191,2023
2023-10-20,39299.7457069833,2023
2023-10-23,39201.74575275967,2023
2023-10-24,38727.095059343075,2023
2023-10-25,38623.09530157635,2023
2023-10-26,39095.09532827923,2023
2023-10-27,39037.095478959774,2023
2023-10-30,38178.58513373921,2023
2023-10-31,38458.58534354756,2023
2023-11-01,38714.58533782551,2023
2023-11-02,38992.586074062085,2023
2023-11-03,38671.58492583821,2023
2023-11-06,38323.58449477742,2023
2023-11-07,38608.58500976155,2023
2023-11-08,38549.585614391064,2023
2023-11-09,38997.585807033276,2023
2023-11-10,39014.58581466267,2023
2023-11-13,38852.5430837352,2023
2023-11-14,38948.54284913132,2023
2023-11-15,38949.54249054978,2023
2023-11-16,39081.5433660228,2023
2023-11-17,38910.54326684067,2023
2023-11-20,39103.5425344188,2023
2023-11-21,39159.54314858506,2023
2023-11-22,39110.54283768723,2023
2023-11-23,39060.54355294297,2023
2023-11-24,39135.54331452439,2023
2023-11-27,38941.54307038376,2023
2023-11-28,38902.54255921433,2023
2023-11-29,38717.54271180222,2023
2023-11-30,39057.542912073826,2023
2023-12-01,39044.5430913646,2023
2023-12-04,39047.54373223374,2023
2023-12-05,38785.543123789525,2023
2023-12-06,38350.54251343796,2023
2023-12-07,38499.54249054978,2023
2023-12-08,38514.54250008652,2023
2023-12-11,38485.54269463608,2023
2023-12-12,39008.54226738999,2023
2023-12-13,38946.542326517796,2023
2023-12-14,38871.54242188523,2023
2023-12-15,38511.54266984055,2023
2023-12-18,38853.542677469944,2023
2023-12-19,38884.92745588014,2023
2023-12-20,38829.92772290895,2023
2023-12-21,38774.92732236574,2023
2023-12-22,38830.928079583144,2023
2023-12-25,38984.92812345216,2023
2023-12-26,39040.927783944106,2023
2023-12-27,39279.46031550368,2023
2023-12-28,38924.45986727675,2023
2023-12-29,38977.46031550368,2023
2024-01-02,39098.461129941556,2024
2024-01-03,39547.460534848775,2024
2024-01-04,40001.459529676045,2024
2024-01-05,39985.1812717106,2024
2024-01-08,39898.18109241983,2024
2024-01-09,39827.18142239114,2024
2024-01-10,39550.181710400786,2024
2024-01-11,39041.67441163323,2024
2024-01-12,39354.67475686332,2024
2024-01-15,39586.67463097831,2024
2024-01-16,39901.6738775756,2024
2024-01-17,39520.674836971964,2024
2024-01-18,39443.67407593986,2024
2024-01-19,39310.674178936686,2024
2024-01-22,39383.67351327201,2024
2024-01-23,39364.67436585685,2024
2024-01-24,40113.67367539665,2024
2024-01-25,40672.18648983022,2024
2024-01-26,41279.21928784838,2024
2024-01-29,41689.712171615145,2024
2024-01-30,41408.71174818375,2024
2024-01-31,41610.71250921585,2024
2024-02-01,41438.712101043246,2024
2024-02-02,41725.71237570145,2024
2024-02-05,42356.73861002819,2024
2024-02-06,42632.738823651234,2024
2024-02-07,42029.738278149525,2024
2024-02-08,41663.738388775746,2024
2024-02-19,42612.73841357128,2024
2024-02-20,42962.275661642474,2024
2024-02-21,43277.85628577523,2024
2024-02-22,43291.85679694467,2024
2024-02-23,43576.986763451205,2024
2024-02-26,42806.98692557584,2024
2024-02-27,42840.986750099764,2024
2024-02-28,42795.70969713162,2024
2024-02-29,42907.7095903201,2024
2024-03-01,43012.71022928189,2024
2024-03-04,42878.71040475796,2024
2024-03-05,43438.709870700346,2024
2024-03-06,43093.71041429471,2024
2024-03-07,43233.71032846402,2024
2024-03-08,43229.71004617642,2024
2024-03-11,43121.71010148953,2024
2024-03-12,42518.70946062039,2024
2024-03-13,42365.808175135215,2024
2024-03-14,42422.808049250205,2024
2024-03-15,42402.807925272544,2024
2024-03-18,42327.467317987044,2024
2024-03-19,42077.46736567076,2024
2024-03-20,42308.46693079527,2024
2024-03-21,42406.46702807005,2024
2024-03-22,42553.46662561949,2024
2024-03-25,42647.46715586241,2024
2024-03-26,42933.467359948714,2024
2024-03-27,43148.466940332015,2024
2024-03-28,42540.467567849715,2024
2024-03-29,42719.46753733214,2024
2024-04-01,43022.466938424666,2024
2024-04-02,43291.46723024901,2024
2024-04-03,43221.467010903914,2024
2024-04-08,43671.467916894515,2024
2024-04-09,43250.467483926375,2024
2024-04-10,43367.46730082091,2024
2024-04-11,43165.46725504454,2024
2024-04-12,43166.4675163513,2024
2024-04-15,44051.70124756392,2024
2024-04-16,44439.26994070824,2024
2024-04-17,44793.27122435387,2024
2024-04-18,45078.13883401092,2024
2024-04-19,45257.13930703338,2024
2024-04-22,44927.910618876296,2024
2024-04-23,45026.90997609981,2024
2024-04-24,44820.90955266841,2024
2024-04-25,45016.91055784114,2024
2024-04-26,44360.90956220515,2024
2024-04-29,44222.91036138423,2024
2024-04-30,44470.910744761306,2024
2024-05-06,44169.9100543011,2024
2024-05-07,44324.91064557918,2024
2024-05-08,44499.910216425735,2024
2024-05-09,44309.910540675,2024
2024-05-10,44539.912024668534,2024
2024-05-13,44565.911952189286,2024
2024-05-14,44323.9122783459,2024
2024-05-15,44321.91251867183,2024
2024-05-16,44658.911791972,2024
2024-05-17,44840.91180913814,2024
2024-05-20,44762.911645106156,2024
2024-05-21,44957.91234128841,2024
2024-05-22,45082.91296117671,2024
2024-05-23,44919.91252057918,2024
2024-05-24,44743.91259305843,2024
2024-05-27,45107.91238897212,2024
2024-05-28,45061.912385157426,2024
2024-05-29,44849.91177671321,2024
2024-05-30,44585.91226690181,2024
2024-05-31,44647.91225545772,2024
2024-06-03,44717.9121410168,2024
2024-06-04,44855.911770991166,2024
2024-06-05,44884.91219632991,2024
2024-06-06,44829.91146200069,2024
2024-06-07,45362.24021593047,2024
2024-06-11,44719.23975625945,2024
2024-06-12,44550.038919004925,2024
2024-06-13,44634.03864816142,2024
2024-06-14,44520.3021581812,2024
2024-06-17,44233.176647011765,2024
2024-06-18,44384.1765268488,2024
2024-06-19,44843.17701894475,2024
2024-06-20,44960.17635900212,2024
2024-06-21,44875.17665464116,2024
2024-06-24,45201.176534478196,2024
2024-06-25,45327.410612939246,2024
2024-06-26,45571.41066634501,2024
2024-06-27,46041.01748044361,2024
2024-06-28,46180.017154286994,2024
2024-07-01,46832.017724584235,2024
2024-07-02,47689.01674039234,2024
2024-07-03,47268.01654584278,2024
2024-07-04,47794.01742703785,2024
2024-07-05,47794.01742703785,2024
2024-07-08,47357.01724774708,2024
2024-07-09,47566.01740605701,2024
2024-07-10,47884.82478105415,2024
2024-07-11,47533.047177368295,2024
2024-07-12,48231.831515160695,2024
2024-07-15,49056.90383294453,2024
2024-07-16,49037.931399521956,2024
2024-07-17,49124.89082159532,2024
2024-07-18,49116.890829224714,2024
2024-07-19,49036.891763825544,2024
2024-07-22,48667.891328950056,2024
2024-07-23,49442.891328950056,2024
2024-07-24,49659.74102854807,2024
2024-07-25,49442.7398765095,2024
2024-07-26,48713.92960194428,2024
2024-07-29,49256.928964889834,2024
2024-07-30,49267.92926434357,2024
2024-07-31,48520.92947605927,2024
2024-08-01,48684.034325189896,2024
2024-08-02,48770.034243173905,2024
2024-08-05,48627.03397423775,2024
2024-08-06,48190.034605570145,2024
2024-08-07,48228.03423554451,2024
2024-08-08,48255.03399521858,2024
2024-08-09,48466.0345330909,2024
2024-08-12,48700.03292710335,2024
2024-08-13,49029.03316170723,2024
2024-08-14,49095.03348023445,2024
2024-08-15,49386.03375107796,2024
2024-08-16,50019.46038748903,2024
2024-08-19,50768.04084917749,2024
2024-08-20,51032.67744372879,2024
2024-08-21,50873.67690394913,2024
2024-08-22,51271.18774588041,2024
2024-08-23,51322.187625717444,2024
2024-08-26,51294.187080215735,2024
2024-08-27,51657.18728239469,2024
2024-08-28,51363.18765814237,2024
2024-08-29,50121.187316726966,2024
2024-08-30,48927.99172948832,2024
2024-09-02,49176.99139570231,2024
2024-09-03,48242.17271027487,2024
2024-09-04,48145.171586846525,2024
2024-09-05,47950.671900605375,2024
2024-09-06,48112.67184147757,2024
2024-09-09,47822.67187962454,2024
2024-09-10,48265.67174038809,2024
2024-09-11,47274.45142942216,2024
2024-09-12,47342.64027364065,2024
2024-09-13,47248.64002950003,2024
2024-09-18,47806.640212605496,2024
2024-09-19,47657.64042622854,2024
2024-09-20,47967.63998753836,2024
2024-09-23,48428.33073934205,2024
2024-09-24,50045.28213647813,2024
2024-09-25,50376.85895762859,2024
2024-09-26,51090.41859669244,2024
2024-09-27,50273.84424134388,2024
2024-09-30,51083.97487381805,2024
2024-10-08,51588.00281456817,2024
2024-10-09,50382.00331810821,2024
2024-10-10,52211.44963973512,2024
2024-10-11,52293.51603951682,2024
2024-10-14,53698.84279251922,2024
2024-10-15,52545.84300995697,2024
2024-10-16,53449.84243393768,2024
2024-10-17,53016.84258461822,2024
2024-10-18,53021.84346199859,2024
2024-10-21,52139.84187126983,2024
2024-10-22,52169.84289170135,2024
2024-10-23,52147.84272194732,2024
2024-10-24,52202.84197808136,2024
2024-10-25,51925.842218407284,2024
2024-10-28,51541.373851069104,2024
2024-10-29,51551.37279249061,2024
2024-10-30,51079.67046023239,2024
2024-10-31,50981.710484870564,2024
2024-11-01,51610.71124399532,2024
2024-11-04,51653.710273154866,2024
2024-11-05,51852.710107215535,2024
2024-11-06,51434.709742911946,2024
2024-11-07,51881.710580237996,2024
2024-11-08,51449.710706123005,2024
2024-11-11,50856.7102941357,2024
2024-11-12,50580.710175880085,2024
2024-11-13,50758.71029222835,2024
2024-11-14,50982.71103227962,2024
2024-11-15,51039.710286506306,2024
2024-11-18,51963.7105020367,2024
2024-11-19,51660.71000421871,2024
2024-11-20,51595.709899314534,2024
2024-11-21,51589.71062029232,2024
2024-11-22,50953.70979631771,2024
2024-11-25,51160.710290321,2024
2024-11-26,51953.70941484798,2024
2024-11-27,52383.71010149349,2024
2024-11-28,52297.71018350948,2024
2024-11-29,51954.710677512776,2024
2024-12-02,51844.710734733235,2024
2024-12-03,52547.70984972347,2024
2024-12-04,52819.710162528645,2024
2024-12-05,52785.17012981081,2024
2024-12-06,53083.17037013674,2024
2024-12-09,53281.45502628684,2024
2024-12-10,53793.08396717616,2024
2024-12-11,53039.0832080514,2024
2024-12-12,53607.08381077357,2024
2024-12-13,53252.08321949549,2024
2024-12-16,53979.08421894618,2024
2024-12-17,53987.042107073226,2024
2024-12-18,54295.04267164842,2024
2024-12-19,53912.04101034776,2024
2024-12-20,54000.042166201034,2024
2024-12-23,54925.12106657632,2024
2024-12-24,55339.12095785745,2024
2024-12-25,55736.3490591423,2024
2024-12-26,55609.34887031479,2024
2024-12-27,55542.349530257416,2024
2024-12-30,55878.34925750656,2024
2024-12-31,55733.349392928314,2024
2025-01-02,54337.34910301132,2025
2025-01-03,53801.34875587387,2025
2025-01-06,54072.34847358627,2025
2025-01-07,54729.76938339158,2025
2025-01-08,55277.96879783554,2025
2025-01-09,54682.96905532761,2025
2025-01-10,54357.6683801262,2025
2025-01-13,53501.66862426682,2025
2025-01-14,53841.66901527329,2025
2025-01-15,54027.668551787574,2025
2025-01-16,54452.66874252244,2025
2025-01-17,53817.669944152076,2025
2025-01-20,53510.6692117302,2025
2025-01-21,53522.669820174415,2025
2025-01-22,52707.66857086106,2025
2025-01-23,54332.028815001686,2025
2025-01-24,54161.20907802506,2025
2025-01-27,55133.208341788486,2025
2025-02-05,54060.21024722977,2025
2025-02-06,53935.20924587174,2025
2025-02-07,53735.2094366066,2025
2025-02-10,53692.20907230301,2025
2025-02-11,54676.209850501255,2025
2025-02-12,55106.20963115616,2025
2025-02-13,55390.209598731235,2025
2025-02-14,55499.20932788773,2025
2025-02-17,55728.20889491959,2025
2025-02-18,56573.2712605681,2025
2025-02-19,56303.27080280443,2025
2025-02-20,56371.27045185228,2025
2025-02-21,55563.27036411424,2025
2025-02-24,55114.270196267564,2025
2025-02-25,54641.06602883668,2025
2025-02-26,54873.06499696107,2025
2025-02-27,55210.064651730965,2025
2025-02-28,54920.06612038941,2025
2025-03-03,54761.06567597718,2025
2025-03-04,54414.065124753426,2025
2025-03-05,55355.06515717835,2025
2025-03-06,54879.065181973885,2025
2025-03-07,54730.065014127205,2025
2025-03-10,54286.064817670296,2025
2025-03-11,54586.064960721444,2025
2025-03-12,54157.06477380128,2025
2025-03-13,54300.06485200257,2025
2025-03-14,54632.065155271004,2025
2025-03-17,54973.065140012215,2025
2025-03-18,54861.06500840516,2025
2025-03-19,55446.0649511847,2025
2025-03-20,55097.065069440316,2025
2025-03-21,54671.06561875672,2025
2025-03-24,55343.065168622445,2025
2025-03-25,55694.06519151063,2025
2025-03-26,55517.065431836556,2025
2025-03-27,55648.065712216805,2025
2025-03-28,55042.06552720399,2025
2025-03-31,55841.55888090463,2025
2025-04-01,55211.55972013803,2025
2025-04-02,55820.56054601999,2025
2025-04-03,56396.55875692697,2025
2025-04-07,55016.93024695201,2025
2025-04-08,55537.929392459824,2025
2025-04-09,55090.92965185924,2025
2025-04-10,54902.92944968028,2025
2025-04-11,55267.92922079845,2025
2025-04-14,55993.92867148204,2025
2025-04-15,56848.17886063428,2025
2025-04-16,57475.17881104322,2025
2025-04-17,57392.17910477491,2025
2025-04-18,57955.02398059878,2025
2025-04-21,57419.57341666971,2025
2025-04-22,58072.57291312967,2025
2025-04-23,57831.57359596048,2025
2025-04-24,58652.57379051004,2025
2025-04-25,58426.77114173684,2025
2025-04-28,58903.771664350366,2025
2025-04-29,58725.770451276636,2025
2025-04-30,57479.79133437906,2025
2025-05-06,57286.54043220315,2025
2025-05-07,58104.54046272073,2025
2025-05-08,58078.540916669706,2025
2025-05-09,58584.94177879128,2025
2025-05-12,58567.94081748757,2025
2025-05-13,59100.941286695335,2025
2025-05-14,59251.2644108741,2025
2025-05-15,59232.91133188313,2025
2025-05-16,58816.91277765339,2025
2025-05-19,58663.91247057026,2025
2025-05-20,58736.91252016133,2025
2025-05-21,58902.9120757491,2025
2025-05-22,59085.91221117085,2025
2025-05-23,58657.91247629231,2025
2025-05-26,58347.9126288802,2025
2025-05-27,58537.91225694722,2025
2025-05-28,58360.912592640576,2025
2025-05-29,58191.91315912312,2025
2025-05-30,58401.9120051772,2025
2025-06-03,58716.91234849995,2025
2025-06-04,58577.912314167676,2025
2025-06-05,58462.91178011006,2025
2025-06-06,58506.912119618115,2025
2025-06-09,58338.91194604939,2025
2025-06-10,58500.911839237866,2025
2025-06-11,58449.911911717114,2025
2025-06-12,58449.912007084546,2025
2025-06-13,58115.91203950947,2025
2025-06-16,58602.912647953686,2025
2025-06-17,58643.91201280659,2025
2025-06-18,59336.912901631054,2025
2025-06-19,59465.91237329548,2025
2025-06-20,59917.912943592724,2025
2025-06-23,60638.785242767415,2025
2025-06-24,60962.770299017866,2025
2025-06-25,61298.60381841003,2025
2025-06-26,61471.60405873596,2025
2025-06-27,60345.603940480345,2025
2025-06-30,60429.10357236206,2025
2025-07-01,61192.1046328479,2025
2025-07-02,61320.103843205565,2025
2025-07-03,61012.103564732664,2025
2025-07-04,61872.10479497253,2025
2025-07-07,61964.10389661133,2025
2025-07-08,62063.72940529883,2025
2025-07-09,62608.503823888896,2025
2025-07-10,63174.56701961815,2025
2025-07-11,62507.90542492676,2025
2025-07-14,62847.50575871277,2025
2025-07-15,62476.50394291687,2025
2025-07-16,62381.50572628784,2025
2025-07-17,62128.55450177002,2025
2025-07-18,62397.5546028595,2025
2025-07-21,62049.55421948242,2025
2025-07-22,61442.77468275833,2025
2025-07-23,61921.77510809708,2025
2025-07-24,61281.77481245804,2025
2025-07-25,61008.77466749954,2025
2025-07-28,61029.77490973282,2025
2025-07-29,60564.773660419465,2025
2025-07-30,61071.843205997466,2025
2025-07-31,61364.843904087065,2025
2025-08-01,61344.84392316055,2025
2025-08-04,61849.84332234573,2025
2025-08-05,62592.84430653763,2025
2025-08-06,62601.64217859793,2025
2025-08-07,63089.48750588909,2025
2025-08-08,62919.51963056806,2025
2025-08-11,62453.51893057111,2025
2025-08-12,62792.51891721967,2025
2025-08-13,62208.51937879804,2025
2025-08-14,62383.51971258405,2025
2025-08-15,61417.51882185224,2025
2025-08-18,61480.51940550092,2025
2025-08-19,62000.081157729786,2025
2025-08-20,62299.08118252532,2025
2025-08-21,62719.08082966582,2025
2025-08-22,62708.08091168181,2025
2025-08-25,62793.0800915219,2025
2025-08-26,62580.48492308668,2025
2025-08-27,61555.42535142145,2025
2025-08-28,61391.08555642275,2025
2025-08-29,61198.08533517031,2025
2025-09-01,61108.5860485187,2025
2025-09-02,62216.5863269916,2025
2025-09-03,61657.586264049096,2025
2025-09-04,62468.464306433634,2025
2025-09-05,61594.46575983329,2025
2025-09-08,61214.465073187785,2025
2025-09-09,61342.464808066325,2025
2025-09-10,61616.463497717814,2025
2025-09-11,61834.465197165446,2025
2025-09-12,61402.46489389701,2025
2025-09-15,61085.464457114176,2025
2025-09-16,60707.465294440226,2025
2025-09-17,60698.83659770929,2025
2025-09-18,59535.73721530878,2025
2025-09-19,59581.406858650735,2025
2025-09-22,58498.40720006614,2025
2025-09-23,59788.408783165505,2025
2025-09-24,59503.40798207908,2025
2025-09-25,59188.406351296,2025
2025-09-26,59037.40670987754,2025
2025-09-29,58659.40769025474,2025
2025-09-30,58385.22789613564,2025
2025-10-09,58498.22785989602,2025
2025-10-10,58609.228016298606,2025
2025-10-13,58437.22779886086,2025
2025-10-14,59595.72895832856,2025
2025-10-15,59704.72873516877,2025
2025-10-16,60735.92382741268,2025
2025-10-17,60693.01582018073,2025
2025-10-20,60730.265477760855,2025
2025-10-21,60954.26559792382,2025
2025-10-22,61585.27807681424,2025
2025-10-23,62188.1142696072,2025
2025-10-24,62264.11476933254,2025
2025-10-27,62651.0160273341,2025
2025-10-28,62830.01530826367,2025
2025-10-29,62174.01464641369,2025
2025-10-30,62169.943582312175,2025
2025-10-31,61833.75616814286,2025
2025-11-03,62349.75629593522,2025
2025-11-04,63181.101228776286,2025
2025-11-05,63041.620178559024,2025
2025-11-06,62829.61976084967,2025
2025-11-07,62602.62066874762,2025
2025-11-10,62876.61964450141,2025
2025-11-11,63032.61963877936,2025
2025-11-12,63387.97406829022,2025
2025-11-13,63236.97390235089,2025
2025-11-14,63463.97471106671,2025
2025-11-17,62864.974018699155,2025
2025-11-18,62838.973852759824,2025
2025-11-19,63417.17439761502,2025
2025-11-20,64325.02549341262,2025
2025-11-21,64112.02548196853,2025
2025-11-24,63858.02558115066,2025
2025-11-25,64385.02638986648,2025
2025-11-26,63866.02562120498,2025
2025-11-27,63953.02570512832,2025
2025-11-28,63496.025306492455,2025
2025-12-01,63588.02540948928,2025
2025-12-02,63484.225086708284,2025
2025-12-03,62997.84510149441,2025
2025-12-04,62754.846024651146,2025
2025-12-05,62529.84521402798,2025
2025-12-08,62606.84554590664,2025
2025-12-09,62705.84547533474,2025
2025-12-10,62059.69138330898,2025
2025-12-11,62259.151898293116,2025
2025-12-12,61887.76730878235,2025
2025-12-15,61832.78792104126,2025
2025-12-16,61588.58755830037,2025
2025-12-17,61812.58801224935,2025
2025-12-18,62533.587110073444,2025
2025-12-19,62328.5875201534,2025
2025-12-22,62365.58693650472,2025
2025-12-23,62546.118333062026,2025
2025-12-24,62296.11900063405,2025
2025-12-25,62254.78831589589,2025
2025-12-26,62084.78895485768,2025
2025-12-29,62565.78866303334,2025
2025-12-30,62424.78877365956,2025
2025-12-31,62596.72846434724,2025
2026-01-05,62140.72980521333,2026
2026-01-06,61926.73010466706,2026
2026-01-07,61380.72886107575,2026
2026-01-08,61141.72968505036,2026
2026-01-09,61039.72973464143,2026
2026-01-12,61502.52950614106,2026
2026-01-13,61910.52978461396,2026
2026-01-14,61037.52921050202,2026
2026-01-15,60393.528060370794,2026
2026-01-16,59881.22987168442,2026
2026-01-19,59389.22943490159,2026
2026-01-20,59916.2305297197,2026
2026-01-21,58559.22865288865,2026
2026-01-22,57957.22975152146,2026
2026-01-23,57528.229421550146,2026
2026-01-26,57909.22870057236,2026
2026-01-27,57993.22952645432,2026
2026-01-28,57720.23014443528,2026
2026-01-29,58036.23070138108,2026
2026-01-30,57827.22906487595,2026
2026-02-02,58310.23020165574,2026
2026-02-03,57275.229686671606,2026
2026-02-04,57825.22982972275,2026
2026-02-05,58418.22995560776,2026
2026-02-06,58152.22968476426,2026
2026-02-09,58361.229270869604,2026
2026-02-10,58718.22962182175,2026
2026-02-11,58777.22944634568,2026
2026-02-12,57776.230663234106,2026
2026-02-13,57180.23023026597,2026
2026-02-24,56978.230232173315,2026
2026-02-25,56862.23005669724,2026
2026-02-26,56422.22957032334,2026
2026-02-27,56279.2302550615,2026
2026-03-02,56730.22908585679,2026
2026-03-03,58053.22894471299,2026
2026-03-04,57481.22810738694,2026
2026-03-05,57903.22846787583,2026
2026-03-06,57951.229423457495,2026
2026-03-09,57837.229770594946,2026
2026-03-10,57417.228835994116,2026
2026-03-11,57942.23050492417,2026
2026-03-12,58154.229396754614,2026
2026-03-13,58354.22820466172,2026
2026-03-16,58600.23044961106,2026
2026-03-17,59454.2302550615,2026
2026-03-18,59275.22882836472,2026
2026-03-19,59731.23006241929,2026
2026-03-20,59496.23083489548,2026
2026-03-23,57633.229059153906,2026
2026-03-24,58528.22913544785,2026
2026-03-25,59015.23069756638,2026
2026-03-26,59256.22982400071,2026
2026-03-27,59058.230203563086,2026
2026-03-30,59734.22951119553,2026
2026-03-31,60831.89205794488,2026
2026-04-01,60492.89307265436,2026
2026-04-02,61416.89304976618,2026
2026-04-03,60465.8924546734,2026
2026-04-07,59655.89360861933,2026
2026-04-08,59418.89328627741,2026
2026-04-09,59110.89343695795,2026
2026-04-10,58872.893234778996,2026
2026-04-13,59231.89172415888,2026
2026-04-14,59830.89346556818,2026
2026-04-15,60541.892620612736,2026
2026-04-16,60468.83781791603,2026
2026-04-17,60474.83707214271,2026
